run_id;nr_images;normalize;train_score;val_score
none_81_28082019-213152;81;none;1.0;0.04938271604938271
none_8100_28082019-213312;8100;none;0.8879012345679013;0.4320987654320987
none_810_28082019-213718;810;none;1.0;0.2716049382716049
none_1620_28082019-213807;1620;none;1.0;0.3333333333333333
none_2430_28082019-214137;2430;none;0.9971193415637858;0.3950617283950617
none_3240_28082019-214313;3240;none;0.9824074074074074;0.3456790123456789
none_3240_28082019-215308;3240;none;0.9824074074074074;0.3456790123456789
none_2430_28082019-215636;2430;none;0.9971193415637858;0.3950617283950617
none_2_28082019-220129;2;none;1.0;0.012345679012345678
